Step,train_loss,val_loss,val_loss
1,0.22794200000000001,0.2858970000000000,0.2858970000000000
2,0.20662200000000000,0.24267100000000000,0.24267100000000000
3,0.15980500000000000,0.33908899999999997,0.33908899999999997
4,0.1616340000000000,0.22717399999999999,0.22717399999999999
5,0.15158500000000000,0.3299840000000000,0.3299840000000000
6,0.15431400000000001,0.24316900000000000,0.24316900000000000
7,0.15191900000000000,0.1968570000000000,0.1968570000000000
8,0.14895600000000001,0.31311200000000000,0.31311200000000000
9,0.1519610000000000,0.19311900000000001,0.19311900000000001
10,0.15251200000000001,0.3536000000000000,0.3536000000000000
11,0.1471270000000000,0.28095199999999998,0.28095199999999998
12,0.1465310000000000,0.26224500000000001,0.26224500000000001
13,0.15329400000000001,0.24628400000000000,0.24628400000000000
14,0.1419120000000000,0.1635840000000000,0.1635840000000000
15,0.13382100000000000,0.17453900000000000,0.17453900000000000
16,0.13239100000000001,0.15106200000000000,0.15106200000000000
17,0.13250200000000001,0.20241799999999999,0.20241799999999999
18,0.1324750000000000,0.17512800000000001,0.17512800000000001
19,0.13145399999999999,0.21725100000000000,0.21725100000000000
20,0.13180900000000001,0.1542440000000000,0.1542440000000000
21,0.12403400000000001,0.0901000000000000,0.0901000000000000
22,0.12112700000000000,0.08560300000000000,0.08560300000000000
23,0.11982700000000000,0.08611700000000000,0.08611700000000000
24,0.12006100000000000,0.08676600000000000,0.08676600000000000
25,0.11982000000000000,0.09083400000000000,0.09083400000000000
26,0.11967600000000000,0.08629600000000000,0.08629600000000000
27,0.11372100000000000,0.08023600000000000,0.08023600000000000
28,0.11150400000000001,0.07954899999999999,0.07954899999999999
29,0.11112000000000000,0.07904000000000000,0.07904000000000000
30,0.11056600000000000,0.07850100000000000,0.07850100000000000
31,0.11039599999999999,0.07822000000000000,0.07822000000000000
32,0.10995099999999999,0.07753500000000001,0.07753500000000001
33,0.1091640000000000,0.07722400000000000,0.07722400000000000
34,0.108516000000000,0.07680500000000000,0.07680500000000000
35,0.10795700000000000,0.07547700000000000,0.07547700000000000
36,0.10690700000000000,0.07467200000000000,0.07467200000000000
37,0.10568300000000000,0.07370699999999999,0.07370699999999999
38,0.10479800000000000,0.07290199999999999,0.07290199999999999
39,0.10382200000000000,0.07232100000000000,0.07232100000000000
40,0.10263200000000000,0.07147900000000000,0.07147900000000000
41,0.1017930000000000,0.07103700000000000,0.07103700000000000
42,0.1011150000000000,0.0703750000000000,0.0703750000000000
43,0.09998799999999999,0.06971100000000000,0.06971100000000000
44,0.0988050000000000,0.06942100000000000,0.06942100000000000
45,0.09819700000000001,0.06883400000000001,0.06883400000000001
46,0.09696900000000000,0.0684550000000000,0.0684550000000000
47,0.0964320000000000,0.0680640000000000,0.0680640000000000
48,0.09540899999999999,0.06765300000000000,0.06765300000000000
49,0.09432599999999999,0.06741500000000000,0.06741500000000000
50,0.09394300000000000,0.0669340000000000,0.0669340000000000
51,0.0932910000000000,0.06683900000000000,0.06683900000000000
52,0.09265900000000001,0.06711700000000000,0.06711700000000000
53,0.09235100000000000,0.06665500000000001,0.06665500000000001
54,0.09183800000000000,0.06690900000000000,0.06690900000000000
55,0.09115800000000000,0.06703000000000001,0.06703000000000001
56,0.09081200000000000,0.06633300000000,0.06633300000000
57,0.09057999999999999,0.06634600000000000,0.06634600000000000
58,0.09007700000000000,0.0661530000000000,0.0661530000000000
59,0.08988100000000000,0.06599099999999999,0.06599099999999999
60,0.08969000000000001,0.06660900000000000,0.06660900000000000
61,0.08897900000000000,0.06607800000000000,0.06607800000000000
62,0.08887900000000000,0.06617700000000000,0.06617700000000000
63,0.08845000000000000,0.06543700000000000,0.06543700000000000
64,0.08794800000000000,0.06519700000000000,0.06519700000000000
65,0.08821800000000000,0.06533700000000001,0.06533700000000001
66,0.0876980000000000,0.06503900000000000,0.06503900000000000
67,0.08703100000000000,0.06459200000000000,0.06459200000000000
68,0.08709100000000000,0.06521000000000000,0.06521000000000000
69,0.08667300000000000,0.06471800000000000,0.06471800000000000
70,0.08613500000000000,0.06413600000000000,0.06413600000000000
71,0.08590500000000000,0.06402600000000000,0.06402600000000000
72,0.08592700000000000,0.06442800000000000,0.06442800000000000
73,0.08565600000000000,0.06408800000000001,0.06408800000000001
74,0.08572200000000001,0.06438000000000001,0.06438000000000001
75,0.08537900000000000,0.06411400000000000,0.06411400000000000
76,0.08265100000000000,0.06349800000000000,0.06349800000000000
77,0.08222900000000000,0.06314800000000000,0.06314800000000000
78,0.08202800000000000,0.06309300000000000,0.06309300000000000
79,0.08195900000000000,0.06298700000000000,0.06298700000000000
80,0.08155800000000001,0.06265500000000000,0.06265500000000000
81,0.08138900000000000,0.06268400000000000,0.06268400000000000
82,0.08116400000000000,0.06243000000000000,0.06243000000000000
83,0.08112300000000000,0.06255500000000000,0.06255500000000000
84,0.08094500000000000,0.06262900000000000,0.06262900000000000
85,0.08072300000000000,0.062170999999999997,0.062170999999999997
86,0.08046700000000000,0.062156999999999997,0.062156999999999997
87,0.08055600000000000,0.06208700000000000,0.06208700000000000
88,0.08052600000000000,0.0621460000000000,0.0621460000000000
89,0.08008100000000000,0.06189300000000000,0.06189300000000000
90,0.07987300000000000,0.061960000000000001,0.061960000000000001
91,0.07979899999999999,0.061772000000000001,0.061772000000000001
92,0.07944700000000000,0.061630999999999998,0.061630999999999998
93,0.07939499999999999,0.061684000000000003,0.061684000000000003
94,0.07929700000000001,0.06164400000000000,0.06164400000000000
95,0.07915300000000000,0.06205000000000000,0.06205000000000000
96,0.07871400000000001,0.0619600000000000,0.0619600000000000
97,0.0773460000000000,0.06350600000000001,0.06350600000000001
98,0.07725400000000000,0.06318500000000001,0.06318500000000001
99,0.07696799999999999,0.06266600000000000,0.06266600000000000
100,0.0770560000000000,0.0625860000000000,0.0625860000000000

